<?xml version="1.0" encoding="utf-8"?>
<modification>
<name>YOCO - Payment plugin</name>
<code>yoco-000010</code>
<version>1.0.1.0</version>
<author>Jan Nortje</author>
<link>http://www.tubeless.co.za</link>
<file path="catalog/controller/checkout/checkout.php">
<operation>
<search><![CDATA[
 $data['button_confirm'] = array();
]]></search>
<add position="before" offset='3'><![CDATA[
 if($this->config->get('payment_yoco_status')){
  $this->document->addScript('https://js.yoco.com/sdk/v1/yoco-sdk-web.js');
  }
]]></add>
</operation>
</file> 
</modification>
